{
  "model/models.js.map": 1747737316836,
  "Component.js": 1747737281470,
  "controller/View1.controller.js": 1747737281482,
  "controller/App.controller.js": 1747737281474,
  "manifest.json": 1747737281470,
  "model/models.js": 1747737281474,
  "controller/View1-dbg.controller.js": 1747737281482,
  "controller/View1.controller.js.map": 1747737316838,
  "Component-dbg.js": 1747737281470,
  "Component.js.map": 1747737316838,
  "controller/App-dbg.controller.js": 1747737281474,
  "controller/App.controller.js.map": 1747737316827,
  "model/models-dbg.js": 1747737281474,
  "i18n/i18n.properties": 1747737281470,
  "Component-preload.js": 1747737316908,
  "Component-preload.js.map": 1747737316908,
  "view/View1.view.xml": 1747737281478,
  "view/App.view.xml": 1747737281478,
  "css/style.css": 1747737281478,
  "index.html": 1747737281470
}